-- phpMyAdmin SQL Dump
-- version 4.8.3
-- https://www.phpmyadmin.net/
--
-- Хост: 127.0.0.1:3306
-- Время создания: Сен 19 2019 г., 22:56
-- Версия сервера: 5.7.23
-- Версия PHP: 7.2.10

SET SQL_MODE = "NO_AUTO_VALUE_ON_ZERO";
SET AUTOCOMMIT = 0;
START TRANSACTION;
SET time_zone = "+00:00";


/*!40101 SET @OLD_CHARACTER_SET_CLIENT=@@CHARACTER_SET_CLIENT */;
/*!40101 SET @OLD_CHARACTER_SET_RESULTS=@@CHARACTER_SET_RESULTS */;
/*!40101 SET @OLD_COLLATION_CONNECTION=@@COLLATION_CONNECTION */;
/*!40101 SET NAMES utf8mb4 */;

--
-- База данных: `nagtest`
--

-- --------------------------------------------------------

--
-- Структура таблицы `clients`
--

CREATE TABLE `clients` (
  `ID` int(11) UNSIGNED NOT NULL,
  `NAME` varchar(255) NOT NULL,
  `TYPE` tinyint(1) NOT NULL DEFAULT '0'
) ENGINE=InnoDB DEFAULT CHARSET=utf8;

--
-- Дамп данных таблицы `clients`
--

INSERT INTO `clients` (`ID`, `NAME`, `TYPE`) VALUES
(1, 'Цирюльникова Ярослава Яновна', 0),
(2, 'Саянков Даниил Даниилович', 0),
(3, 'Койначёнока Ника Семеновна', 0),
(4, 'Стиплин Ян Изяславович', 0),
(5, 'Лещенко Анфиса Яновна', 0),
(6, 'Ерхов Лукьян Савелиевич', 0),
(7, 'Стрелков Евгений Брониславович', 0),
(8, 'Дубинкин Богдан Епифанович', 0),
(9, 'Звягина Валерия Иосифовна', 0),
(10, 'Кондурова Ярослава Игнатиевна', 0),
(11, 'Горелова Анастасия Мироновна', 0),
(12, 'Гарин Вячеслав Давидович', 0),
(13, 'Гринина Лилия Елисеевна', 0),
(14, 'Яцкевича Надежда Иларионовна', 0),
(15, 'Сурнин Варфоломей Артемиевич', 0),
(16, 'Дьякова Алиса Анатолиевна', 0),
(17, 'Клима Елизавета Георгиевна', 0),
(18, 'Осолодкина Лада Кузьмевна', 0),
(19, 'Кашарина Ефросиния Брониславовна', 0),
(20, 'Еськин Михей Несторович', 0),
(21, 'Ябурова Берта Александровна', 0),
(22, 'Осолодкин Родион Фролович', 0),
(23, 'Яровый Данила Эрнестович', 0),
(24, 'Рыбьякова Нона Евгениевна', 0),
(25, 'Дубков Филипп Сергеевич', 0),
(26, 'Кунаковский Святослав Гаврилевич', 0),
(27, 'Щеголева Вероника Мироновна', 0),
(28, 'Якушков Иван Данилевич', 0),
(29, 'Соболева Любовь Василиевна', 0),
(30, 'Каиров Тимофей Натанович', 0),
(31, 'Каргина Берта Владленовна', 0),
(32, 'Крылова Юнона Ивановна', 0),
(33, 'Балтабев Никон Федотович', 0),
(34, 'Чистяков Елисей Проклович', 0),
(35, 'Яклашкина Эмма Афанасиевна', 0),
(36, 'Ряхин Соломон Титович', 0),
(37, 'Цаплина Ариадна Афанасиевна', 0),
(38, 'Акулова Майя Ефимовна', 0),
(39, 'Трошкина Пелагея Трофимовна', 0),
(40, 'Шагидзянова Эльвира Леонидовна', 0),
(41, 'Бушмелева Лиана Антониновна', 0),
(42, 'Кобелев Кир Ерофеевич', 0),
(43, 'Щепкина Юлия Федоровна', 0),
(44, 'Садков Гавриил Феликсович', 0),
(45, 'Яглинцева Клара Алексеевна', 0),
(46, 'Назарова Екатерина Трофимовна', 0),
(47, 'Кириченко Юлия Семеновна', 0),
(48, 'Куксюка Ефросиния Виталиевна', 0),
(49, 'Капшукова Евгения Несторовна', 0),
(50, 'Веретёнова Берта Олеговна', 0),
(51, 'Соловаьева Ангелина Давидовна', 0),
(52, 'Токарев Алексей Пахомович', 0),
(53, 'Кадетов Василий Михеевич', 0),
(55, 'Серёгина Зоя Владиленовна', 0),
(56, 'Крака Агата Захаровна', 0),
(57, 'Пережогин Лукьян Онисимович', 0),
(58, 'Серёгина Зоя Владиленовна', 0),
(59, 'Кемоклидзе Лидия Трофимовна', 0),
(60, 'Жилина Екатерина Иларионовна', 0),
(61, 'Бочко Мария Виталиевна', 0),
(62, 'Новохацкий Моисей Назарович', 0),
(63, 'Луковников Парфен Анатолиевич', 0),
(64, 'Кондакова Ирина Серафимовна', 0),
(65, 'Трунин Чеслав Тимурович', 0),
(66, 'Хрущёва Алла Данииловна', 0),
(67, 'Голумбовский Эммануил Зиновиевич', 0),
(68, 'Кондратьев Евстигней Ипполитович', 0),
(69, 'Ямалтдинова Варвара Николаевна', 0),
(70, 'Яромеева Лилия Глебовна', 0),
(71, 'Ляхов Якуб Иосифович', 0),
(72, 'Журавлёва Агафья Олеговна', 0),
(73, 'Куклачёва Наталья Потаповна', 0),
(74, 'Погребняк Евсей Иванович', 0),
(75, 'Танкова Валерия Олеговна', 0),
(76, 'Самарина Элеонора Алексеевна', 0),
(77, 'Кошелькова Вера Якововна', 0),
(78, 'Кудайбергенова Раиса Александровна', 0),
(79, 'Арефьев Филимон Натанович', 0),
(80, 'Добролюбов Мир Онуфриевич', 0),
(81, 'Тычкина Марианна Несторовна', 0),
(82, 'Фаммус Сократ Владимирович', 0),
(83, 'Кошельков Венедикт Тихонович', 0),
(84, 'Колбягина Берта Тимофеевна', 0),
(85, 'Бортник Глеб Юриевич', 0),
(86, 'Болокана Яна Михеевна', 0),
(87, 'Яна Рада Ильевна', 0),
(88, 'Вагина Полина Филипповна', 0),
(89, 'Камалова Всеслава Казимировна', 0),
(90, 'Дуркина Алла Константиновна', 0),
(91, 'Негуторова Ариадна Павеловна', 0),
(92, 'Куклев Лукьян Елисеевич', 0),
(93, 'Разина Маргарита Мефодиевна', 0),
(94, 'Сорокин Харитон Герасимович', 0),
(95, 'Снетков Прокофий Климентович', 0),
(96, 'Рагозин Николай Филимонович', 0),
(97, 'Сапогова Ариадна Василиевна', 0),
(98, 'Мажулин Аркадий Артемиевич', 0),
(99, 'Немова Зоя Игнатиевна', 0),
(100, 'Железнов Юлиан Данилевич', 0),
(101, 'Черепанова Фаина Романовна', 0),
(102, 'Чумакова Нона Кузьмевна', 0),
(103, 'ООО ФургонАвто', 1),
(104, 'ООО Светотехническая компания Классик', 1),
(105, 'ООО Демонтажекб', 1),
(106, 'ООО ДЭ-групп', 1);

-- --------------------------------------------------------

--
-- Структура таблицы `payment`
--

CREATE TABLE `payment` (
  `ID` int(11) UNSIGNED NOT NULL,
  `CLIENT_ID` int(11) NOT NULL,
  `SUMMA` float(10,2) NOT NULL,
  `DATA` date NOT NULL,
  `DESCRIPTION` text,
  `ACNT_ID` int(11) NOT NULL,
  `PAY_ID` int(11) NOT NULL
) ENGINE=MyISAM DEFAULT CHARSET=utf8;

--
-- Дамп данных таблицы `payment`
--

INSERT INTO `payment` (`ID`, `CLIENT_ID`, `SUMMA`, `DATA`, `DESCRIPTION`, `ACNT_ID`, `PAY_ID`) VALUES
(1, 1, 100.00, '2018-12-09', NULL, 2, 1),
(2, 1, -20.00, '2019-02-18', NULL, 2, 2),
(3, 1, 130.00, '2019-02-18', NULL, 2, 3),
(4, 29, 380.00, '2019-05-23', NULL, 5, 2),
(5, 82, 920.00, '2019-06-28', NULL, 5, 2),
(6, 11, 150.00, '2019-03-13', NULL, 1, 4),
(7, 94, 640.00, '2019-02-06', NULL, 3, 2),
(8, 87, 890.00, '2019-06-19', NULL, 5, 1),
(9, 33, 350.00, '2019-05-04', NULL, 1, 1),
(10, 30, 540.00, '2019-05-08', NULL, 4, 3),
(11, 29, 670.00, '2019-02-09', NULL, 6, 2),
(12, 19, 480.00, '2019-02-23', NULL, 5, 1),
(13, 28, 460.00, '2019-06-04', NULL, 1, 4),
(14, 39, 150.00, '2019-02-14', NULL, 3, 1),
(15, 82, 870.00, '2019-08-28', NULL, 4, 1),
(16, 12, 260.00, '2019-02-05', NULL, 6, 4),
(17, 81, 650.00, '2019-02-22', NULL, 1, 1),
(18, 16, 200.00, '2019-08-12', NULL, 2, 2),
(19, 63, 430.00, '2019-07-25', NULL, 2, 4),
(20, 7, 890.00, '2019-05-01', NULL, 3, 2),
(21, 43, 770.00, '2019-03-28', NULL, 6, 2),
(22, 56, 410.00, '2019-06-20', NULL, 4, 4),
(23, 22, 840.00, '2019-04-17', NULL, 2, 4),
(24, 91, 380.00, '2019-07-12', NULL, 2, 4),
(25, 83, 540.00, '2019-08-14', NULL, 6, 1),
(26, 67, 830.00, '2019-06-25', NULL, 3, 3),
(27, 61, 530.00, '2019-04-17', NULL, 4, 4),
(28, 25, 800.00, '2019-05-25', NULL, 6, 1),
(29, 64, 870.00, '2019-03-28', NULL, 6, 4),
(30, 75, 240.00, '2019-05-01', NULL, 3, 3),
(31, 73, 560.00, '2019-03-18', NULL, 2, 1),
(32, 93, 830.00, '2019-08-09', NULL, 4, 3),
(33, 65, 150.00, '2019-02-14', NULL, 1, 1),
(34, 24, 810.00, '2019-05-18', NULL, 6, 4),
(35, 97, 150.00, '2019-08-03', NULL, 2, 4),
(36, 55, 290.00, '2019-08-15', NULL, 2, 4),
(37, 37, 320.00, '2019-05-22', NULL, 3, 2),
(38, 17, 790.00, '2019-03-03', NULL, 2, 1),
(39, 68, 390.00, '2019-05-17', NULL, 6, 3),
(40, 64, 870.00, '2019-02-09', NULL, 4, 1),
(41, 38, 370.00, '2019-07-13', NULL, 1, 4),
(42, 71, 410.00, '2019-03-23', NULL, 2, 3),
(43, 68, 570.00, '2019-09-03', NULL, 5, 4),
(44, 14, 630.00, '2019-05-20', NULL, 1, 4),
(45, 90, 970.00, '2019-05-26', NULL, 2, 1),
(46, 33, 110.00, '2019-04-02', NULL, 4, 4),
(47, 76, 850.00, '2019-05-07', NULL, 5, 1),
(48, 35, 580.00, '2019-07-14', NULL, 3, 1),
(49, 104, 530.00, '2019-04-25', NULL, 5, 1),
(50, 45, 1000.00, '2019-03-11', NULL, 5, 4),
(51, 22, 520.00, '2019-08-07', NULL, 2, 3),
(52, 5, 770.00, '2019-02-12', NULL, 1, 4),
(53, 59, 270.00, '2019-08-22', NULL, 5, 2),
(54, 95, 300.00, '2019-07-16', NULL, 1, 2),
(55, 27, 860.00, '2019-04-02', NULL, 4, 1),
(61, 78, 740.00, '2019-04-19', NULL, 1, 4),
(63, 89, 290.00, '2019-07-16', NULL, 6, 2),
(64, 75, -190.00, '2019-02-03', NULL, 4, 3),
(65, 91, 160.00, '2019-03-22', NULL, 1, 1),
(66, 38, 900.00, '2019-04-27', NULL, 4, 3),
(67, 106, 330.00, '2019-07-21', NULL, 6, 4),
(68, 31, 750.00, '2019-05-23', NULL, 3, 4),
(69, 61, -170.00, '2019-05-06', NULL, 1, 3),
(70, 33, 410.00, '2019-04-22', NULL, 6, 4),
(71, 16, 940.00, '2019-06-26', NULL, 2, 4),
(72, 80, -490.00, '2019-03-08', NULL, 6, 4),
(73, 93, -550.00, '2019-05-17', NULL, 1, 1),
(74, 80, 830.00, '2019-08-12', NULL, 1, 2),
(75, 9, 200.00, '2019-05-03', NULL, 3, 1),
(76, 6, 590.00, '2019-02-07', NULL, 5, 1),
(77, 68, 370.00, '2019-03-21', NULL, 2, 4),
(78, 71, -100.00, '2019-09-08', NULL, 2, 1),
(79, 5, -850.00, '2019-02-17', NULL, 4, 2),
(80, 67, 160.00, '2019-02-15', NULL, 6, 3),
(81, 86, 950.00, '2019-07-15', NULL, 6, 4),
(82, 45, -430.00, '2019-07-11', NULL, 2, 2),
(83, 58, -430.00, '2019-07-15', NULL, 6, 3),
(84, 68, 110.00, '2019-06-08', NULL, 4, 4),
(85, 1, 390.00, '2019-06-25', NULL, 2, 2),
(86, 84, -350.00, '2019-02-24', NULL, 3, 4),
(87, 65, 920.00, '2019-05-08', NULL, 4, 4),
(88, 51, 480.00, '2019-06-28', NULL, 3, 4),
(89, 21, 850.00, '2019-05-08', NULL, 4, 1),
(90, 96, 400.00, '2019-06-25', NULL, 3, 4),
(91, 34, 260.00, '2019-09-02', NULL, 5, 3),
(92, 57, -640.00, '2019-05-04', NULL, 5, 2),
(93, 85, -910.00, '2019-05-20', NULL, 4, 1),
(94, 80, 700.00, '2019-02-25', NULL, 4, 1),
(95, 79, 190.00, '2019-08-14', NULL, 3, 2),
(96, 78, -600.00, '2019-08-07', NULL, 6, 2),
(97, 76, -590.00, '2019-09-18', NULL, 6, 4),
(98, 55, -560.00, '2019-06-23', NULL, 4, 3),
(99, 64, 690.00, '2019-02-09', NULL, 6, 4),
(100, 23, 430.00, '2019-05-03', NULL, 5, 3),
(101, 12, 840.00, '2019-03-21', NULL, 1, 2),
(102, 24, 580.00, '2019-08-24', NULL, 6, 4),
(103, 57, -600.00, '2019-02-05', NULL, 3, 4),
(104, 45, -270.00, '2019-02-16', NULL, 1, 2),
(105, 5, -810.00, '2019-03-23', NULL, 3, 3),
(106, 1, -720.00, '2019-06-14', NULL, 1, 4),
(107, 81, 380.00, '2019-03-28', NULL, 5, 3),
(108, 79, -890.00, '2019-03-05', NULL, 6, 4),
(109, 65, 540.00, '2019-07-09', NULL, 2, 4),
(110, 29, 630.00, '2019-08-05', NULL, 2, 1),
(111, 74, 710.00, '2019-02-21', NULL, 6, 3),
(112, 21, 500.00, '2019-04-17', NULL, 4, 2),
(113, 99, 550.00, '2019-08-09', NULL, 1, 2),
(114, 76, 490.00, '2019-04-14', NULL, 5, 2),
(115, 24, -350.00, '2019-04-15', NULL, 2, 2),
(116, 102, 630.00, '2019-04-03', NULL, 6, 3),
(117, 13, -910.00, '2019-03-10', NULL, 6, 1),
(118, 16, 940.00, '2019-02-11', NULL, 4, 3),
(119, 6, -960.00, '2019-04-05', NULL, 2, 1),
(120, 14, 180.00, '2019-09-03', NULL, 2, 3),
(121, 96, -810.00, '2019-02-01', NULL, 5, 2),
(122, 92, -960.00, '2019-05-10', NULL, 4, 3),
(123, 6, -230.00, '2019-05-06', NULL, 5, 2),
(124, 31, 270.00, '2019-09-08', NULL, 5, 2),
(125, 67, -710.00, '2019-08-14', NULL, 6, 2),
(126, 72, 890.00, '2019-03-23', NULL, 6, 2),
(127, 51, -440.00, '2019-04-20', NULL, 4, 4),
(128, 33, 680.00, '2019-06-09', NULL, 3, 1),
(129, 92, -910.00, '2019-04-21', NULL, 4, 2),
(130, 66, -440.00, '2019-07-23', NULL, 6, 4),
(131, 89, -710.00, '2019-09-15', NULL, 6, 1),
(132, 52, 500.00, '2019-09-14', NULL, 3, 4),
(133, 6, 330.00, '2019-04-28', NULL, 3, 2),
(134, 64, 750.00, '2019-04-22', NULL, 2, 2),
(135, 61, 960.00, '2019-09-11', NULL, 4, 4),
(136, 24, 860.00, '2019-04-22', NULL, 3, 1),
(137, 75, 980.00, '2019-09-26', NULL, 3, 2),
(138, 93, 120.00, '2019-07-01', NULL, 2, 1),
(139, 85, -840.00, '2019-09-13', NULL, 1, 2),
(140, 1, 380.00, '2019-07-19', NULL, 5, 2),
(141, 27, 910.00, '2019-07-12', NULL, 1, 3),
(142, 91, 790.00, '2019-03-23', NULL, 2, 4),
(143, 26, -140.00, '2019-03-23', NULL, 6, 2),
(144, 27, -490.00, '2019-03-27', NULL, 2, 4),
(145, 51, -820.00, '2019-05-20', NULL, 4, 2),
(146, 82, -100.00, '2019-07-01', NULL, 2, 2),
(147, 66, 990.00, '2019-02-03', NULL, 5, 1),
(148, 72, -440.00, '2019-07-21', NULL, 1, 4),
(149, 18, -210.00, '2019-05-07', NULL, 6, 2),
(150, 70, 360.00, '2019-09-11', NULL, 6, 2),
(151, 89, 310.00, '2019-09-24', NULL, 3, 3),
(152, 93, 600.00, '2019-05-26', NULL, 1, 4),
(153, 31, 850.00, '2019-09-05', NULL, 6, 4),
(154, 15, -350.00, '2019-02-15', NULL, 1, 3),
(155, 68, 350.00, '2019-06-17', NULL, 5, 2),
(156, 48, 330.00, '2019-07-22', NULL, 6, 3),
(157, 84, 820.00, '2019-09-13', NULL, 1, 2),
(158, 84, 560.00, '2019-09-10', NULL, 1, 3),
(159, 65, -360.00, '2019-08-16', NULL, 4, 2),
(160, 6, -860.00, '2019-09-18', NULL, 4, 1),
(161, 69, -970.00, '2019-05-28', NULL, 5, 1),
(162, 102, -180.00, '2019-09-11', NULL, 2, 4),
(163, 100, 300.00, '2019-05-15', NULL, 6, 4),
(164, 19, -410.00, '2019-06-22', NULL, 4, 4),
(165, 70, -880.00, '2019-03-16', NULL, 6, 3),
(166, 33, 540.00, '2019-07-08', NULL, 2, 2),
(167, 75, 110.00, '2019-04-03', NULL, 5, 2),
(168, 56, 220.00, '2019-04-11', NULL, 5, 2),
(169, 30, 760.00, '2019-06-26', NULL, 5, 3),
(170, 49, -680.00, '2019-03-07', NULL, 5, 2),
(171, 41, -270.00, '2019-04-09', NULL, 5, 2),
(172, 93, 690.00, '2019-02-25', NULL, 5, 3),
(173, 76, -710.00, '2019-03-14', NULL, 2, 3),
(174, 56, 390.00, '2019-08-10', NULL, 5, 4),
(175, 65, 240.00, '2019-08-15', NULL, 2, 3),
(176, 33, -380.00, '2019-09-27', NULL, 1, 2),
(177, 70, 590.00, '2019-05-27', NULL, 2, 4),
(178, 95, 620.00, '2019-04-15', NULL, 6, 3),
(179, 7, 790.00, '2019-09-04', NULL, 2, 4),
(180, 15, 840.00, '2019-03-12', NULL, 5, 3),
(181, 33, -770.00, '2019-09-26', NULL, 4, 2),
(182, 86, -980.00, '2019-04-24', NULL, 6, 2),
(183, 24, -910.00, '2019-07-17', NULL, 3, 4),
(184, 4, -920.00, '2019-06-17', NULL, 4, 2),
(185, 2, 520.00, '2019-09-15', NULL, 1, 4),
(186, 75, -630.00, '2019-08-07', NULL, 6, 1),
(187, 13, 320.00, '2019-06-01', NULL, 4, 1),
(188, 92, -470.00, '2019-08-11', NULL, 1, 1),
(189, 88, 600.00, '2018-08-18', NULL, 1, 3),
(190, 82, -750.00, '2018-08-28', NULL, 5, 2),
(191, 105, 810.00, '2018-02-02', NULL, 3, 3),
(192, 62, 940.00, '2019-07-03', NULL, 5, 4),
(193, 34, 790.00, '2019-03-07', NULL, 2, 3),
(194, 19, -620.00, '2018-05-26', NULL, 5, 4),
(195, 53, 410.00, '2019-03-17', NULL, 4, 4),
(196, 4, -600.00, '2018-02-11', NULL, 5, 3),
(197, 38, 380.00, '2019-06-13', NULL, 4, 2),
(198, 57, -640.00, '2019-08-16', NULL, 4, 1),
(199, 78, -220.00, '2018-08-23', NULL, 2, 1),
(200, 22, 260.00, '2018-04-12', NULL, 6, 3),
(201, 60, -640.00, '2019-04-01', NULL, 6, 4),
(202, 12, 590.00, '2018-03-07', NULL, 4, 1),
(203, 21, 380.00, '2019-08-11', NULL, 5, 3),
(204, 106, 920.00, '2018-05-13', NULL, 2, 4),
(205, 72, -690.00, '2018-08-21', NULL, 1, 1),
(206, 96, 370.00, '2019-05-15', NULL, 6, 1),
(207, 17, -320.00, '2019-07-18', NULL, 4, 1),
(208, 66, 700.00, '2019-02-20', NULL, 2, 3),
(209, 43, -320.00, '2019-03-07', NULL, 4, 1),
(210, 51, 440.00, '2019-02-06', NULL, 4, 4),
(211, 41, -800.00, '2019-09-18', NULL, 5, 3),
(212, 23, 220.00, '2018-08-17', NULL, 1, 2),
(213, 56, 750.00, '2018-02-02', NULL, 1, 3),
(214, 8, 970.00, '2018-07-14', NULL, 5, 4),
(215, 19, 200.00, '2018-02-18', NULL, 2, 2),
(216, 16, 750.00, '2018-02-25', NULL, 2, 1),
(217, 103, -430.00, '2019-04-20', NULL, 6, 1),
(218, 56, 880.00, '2019-08-01', NULL, 2, 1),
(219, 78, -780.00, '2019-04-02', NULL, 6, 4),
(220, 27, -890.00, '2019-07-27', NULL, 6, 2),
(221, 99, -890.00, '2018-08-09', NULL, 3, 4),
(222, 36, -270.00, '2019-07-15', NULL, 6, 4),
(223, 34, 290.00, '2018-09-05', NULL, 3, 3),
(224, 71, 220.00, '2019-06-01', NULL, 3, 1),
(225, 64, -580.00, '2018-09-23', NULL, 3, 4),
(226, 39, 880.00, '2018-05-22', NULL, 2, 4),
(227, 6, 680.00, '2018-07-12', NULL, 5, 1),
(228, 93, -260.00, '2019-07-01', NULL, 5, 1),
(229, 87, 880.00, '2018-06-21', NULL, 4, 1),
(230, 58, 180.00, '2019-04-07', NULL, 2, 3),
(231, 57, 360.00, '2019-04-27', NULL, 5, 3),
(232, 35, -880.00, '2018-08-26', NULL, 1, 3),
(233, 93, 660.00, '2018-03-18', NULL, 4, 4),
(234, 30, -390.00, '2018-08-08', NULL, 4, 4),
(235, 31, 190.00, '2019-09-10', NULL, 5, 3),
(236, 8, -970.00, '2018-05-14', NULL, 2, 2),
(237, 80, 140.00, '2018-04-18', NULL, 1, 3),
(238, 81, 790.00, '2018-07-12', NULL, 5, 1),
(239, 6, 830.00, '2019-06-28', NULL, 6, 1),
(240, 30, 260.00, '2019-08-27', NULL, 6, 4),
(241, 13, -480.00, '2018-05-21', NULL, 4, 1),
(242, 63, 220.00, '2018-02-08', NULL, 6, 4),
(243, 40, -700.00, '2019-06-16', NULL, 4, 1),
(244, 43, 200.00, '2019-05-22', NULL, 6, 4),
(245, 55, -310.00, '2019-06-02', NULL, 5, 2),
(246, 1, -810.00, '2019-07-18', NULL, 5, 2),
(247, 64, -310.00, '2018-06-12', NULL, 2, 3),
(248, 25, -880.00, '2018-04-01', NULL, 1, 4),
(249, 70, -140.00, '2018-09-15', NULL, 1, 1),
(250, 98, 580.00, '2019-03-16', NULL, 6, 4),
(251, 26, 570.00, '2019-06-17', NULL, 3, 3),
(252, 75, -950.00, '2018-03-20', NULL, 5, 4),
(253, 95, -210.00, '2019-09-20', NULL, 1, 2),
(254, 74, 280.00, '2019-06-07', NULL, 3, 1),
(255, 82, 910.00, '2019-05-16', NULL, 4, 4),
(256, 71, 450.00, '2019-03-06', NULL, 5, 4),
(257, 94, 600.00, '2019-07-25', NULL, 4, 2),
(258, 66, 530.00, '2019-08-04', NULL, 1, 1),
(259, 65, -930.00, '2019-07-24', NULL, 1, 1),
(260, 38, 640.00, '2019-02-09', NULL, 6, 1),
(261, 100, -400.00, '2018-05-14', NULL, 3, 4),
(262, 65, -690.00, '2019-06-17', NULL, 2, 3),
(263, 20, -590.00, '2018-07-02', NULL, 6, 1),
(264, 30, 950.00, '2019-06-03', NULL, 5, 4),
(265, 100, -930.00, '2019-05-05', NULL, 2, 3),
(266, 47, 250.00, '2018-03-11', NULL, 5, 1),
(267, 15, 340.00, '2019-04-25', NULL, 5, 3),
(268, 85, -490.00, '2019-09-03', NULL, 6, 4),
(269, 29, 160.00, '2018-06-22', NULL, 3, 4),
(270, 46, 960.00, '2018-08-01', NULL, 3, 2),
(271, 49, 290.00, '2019-03-28', NULL, 2, 4),
(272, 67, 410.00, '2018-06-22', NULL, 6, 1),
(273, 94, 860.00, '2019-08-15', NULL, 2, 2),
(274, 99, -180.00, '2019-03-08', NULL, 2, 3),
(275, 11, -740.00, '2019-08-28', NULL, 2, 2),
(276, 21, -780.00, '2018-05-08', NULL, 3, 4),
(277, 36, 560.00, '2019-03-12', NULL, 6, 4),
(278, 86, 120.00, '2019-04-06', NULL, 1, 4),
(279, 98, -980.00, '2018-02-23', NULL, 1, 1),
(280, 102, -450.00, '2019-06-18', NULL, 1, 3),
(281, 53, 810.00, '2019-08-23', NULL, 4, 3),
(282, 101, -730.00, '2018-02-26', NULL, 6, 1),
(283, 58, -940.00, '2019-02-05', NULL, 5, 4),
(284, 36, 620.00, '2019-04-14', NULL, 5, 4),
(285, 3, 120.00, '2019-03-09', NULL, 2, 1),
(286, 6, -340.00, '2018-03-03', NULL, 1, 1),
(287, 13, -790.00, '2019-07-21', NULL, 5, 1),
(288, 100, 760.00, '2019-09-09', NULL, 2, 4),
(289, 37, -460.00, '2018-06-08', NULL, 3, 3),
(290, 18, -250.00, '2018-05-19', NULL, 1, 4),
(291, 40, -210.00, '2019-05-12', NULL, 2, 3),
(292, 3, -680.00, '2019-09-08', NULL, 5, 3),
(293, 57, 190.00, '2019-03-25', NULL, 5, 2),
(294, 53, -820.00, '2018-05-17', NULL, 3, 4),
(295, 26, 250.00, '2018-09-24', NULL, 4, 3),
(296, 13, -220.00, '2019-08-16', NULL, 4, 1),
(297, 69, 570.00, '2018-05-25', NULL, 3, 1),
(298, 106, -420.00, '2019-04-12', NULL, 1, 2),
(299, 27, -600.00, '2018-04-04', NULL, 2, 3),
(300, 85, -940.00, '2018-08-15', NULL, 2, 2),
(301, 15, -460.00, '2018-05-22', NULL, 3, 3),
(302, 40, -250.00, '2018-02-07', NULL, 2, 2),
(303, 19, 800.00, '2018-06-13', NULL, 3, 4),
(304, 27, 190.00, '2018-04-20', NULL, 6, 1),
(305, 56, 320.00, '2018-06-16', NULL, 4, 2),
(306, 100, -920.00, '2018-03-11', NULL, 1, 3),
(307, 49, 480.00, '2018-05-15', NULL, 1, 2),
(308, 77, 760.00, '2018-05-20', NULL, 2, 3),
(309, 77, 290.00, '2018-07-10', NULL, 5, 4),
(310, 98, 860.00, '2019-03-27', NULL, 3, 4),
(311, 51, 970.00, '2018-02-03', NULL, 5, 4),
(312, 82, 920.00, '2018-05-19', NULL, 4, 2),
(313, 2, 180.00, '2019-08-07', NULL, 4, 2),
(314, 13, -480.00, '2019-03-25', NULL, 4, 4),
(315, 90, -420.00, '2019-05-05', NULL, 2, 2),
(316, 40, 700.00, '2019-08-07', NULL, 6, 3),
(317, 59, -660.00, '2018-05-08', NULL, 2, 4),
(318, 30, -570.00, '2018-05-22', NULL, 3, 1),
(319, 33, -800.00, '2018-02-22', NULL, 3, 1),
(320, 53, 840.00, '2019-07-23', NULL, 3, 1),
(321, 41, -780.00, '2019-07-28', NULL, 5, 2),
(322, 4, 780.00, '2018-03-25', NULL, 3, 2),
(323, 65, 630.00, '2018-04-17', NULL, 5, 2),
(324, 105, -300.00, '2018-03-06', NULL, 3, 2),
(325, 1, 580.00, '2019-03-04', NULL, 5, 1),
(326, 97, 730.00, '2018-09-23', NULL, 1, 2),
(327, 44, 550.00, '2019-02-21', NULL, 1, 2),
(328, 30, 630.00, '2018-09-10', NULL, 5, 3),
(329, 85, -600.00, '2019-07-08', NULL, 1, 4),
(330, 12, -1000.00, '2019-09-17', NULL, 6, 2),
(331, 98, -690.00, '2019-03-15', NULL, 1, 2),
(332, 61, -870.00, '2018-08-12', NULL, 1, 4),
(333, 56, 650.00, '2019-03-05', NULL, 4, 3),
(334, 76, 410.00, '2019-02-05', NULL, 6, 2),
(335, 106, 780.00, '2018-08-07', NULL, 3, 1),
(336, 83, -580.00, '2018-02-14', NULL, 1, 3),
(337, 41, -200.00, '2019-07-28', NULL, 3, 2),
(338, 40, 520.00, '2019-08-18', NULL, 5, 4),
(339, 14, -630.00, '2018-05-13', NULL, 1, 2),
(340, 51, 880.00, '2018-06-11', NULL, 1, 3),
(341, 47, 110.00, '2019-06-24', NULL, 4, 1),
(342, 84, 410.00, '2019-03-25', NULL, 5, 2),
(343, 35, -960.00, '2019-04-25', NULL, 3, 4),
(344, 15, -900.00, '2018-04-11', NULL, 4, 2),
(345, 99, 120.00, '2018-08-02', NULL, 3, 3),
(346, 8, 780.00, '2018-02-19', NULL, 5, 1),
(347, 56, -190.00, '2018-02-05', NULL, 5, 3),
(348, 102, 920.00, '2019-08-09', NULL, 1, 1),
(349, 7, 570.00, '2019-02-18', NULL, 1, 3),
(350, 102, 970.00, '2019-07-07', NULL, 5, 1),
(351, 105, 990.00, '2018-09-14', NULL, 4, 2),
(352, 6, -210.00, '2018-07-16', NULL, 1, 3),
(353, 23, -790.00, '2018-08-08', NULL, 5, 1),
(354, 39, 180.00, '2018-06-25', NULL, 3, 3),
(355, 48, 750.00, '2019-04-27', NULL, 2, 2),
(356, 105, 430.00, '2019-09-22', NULL, 3, 2),
(357, 67, -210.00, '2019-08-03', NULL, 2, 4),
(358, 34, 570.00, '2018-03-10', NULL, 3, 3),
(359, 69, 310.00, '2019-04-02', NULL, 1, 2),
(360, 6, 600.00, '2018-07-08', NULL, 2, 3),
(361, 29, -540.00, '2018-06-10', NULL, 2, 1),
(362, 60, -320.00, '2018-05-23', NULL, 6, 4),
(363, 1, 810.00, '2019-02-16', NULL, 6, 4),
(364, 13, -640.00, '2018-09-01', NULL, 6, 3),
(365, 99, 790.00, '2018-02-18', NULL, 1, 1),
(366, 89, 210.00, '2019-05-14', NULL, 4, 2),
(367, 82, 240.00, '2018-04-04', NULL, 2, 1),
(368, 89, -380.00, '2019-07-20', NULL, 3, 4),
(369, 28, -700.00, '2019-09-26', NULL, 1, 1),
(370, 65, 290.00, '2019-09-06', NULL, 4, 4),
(371, 99, -310.00, '2019-09-11', NULL, 1, 1),
(372, 6, 650.00, '2018-05-05', NULL, 4, 2),
(373, 32, -280.00, '2018-09-12', NULL, 1, 4),
(374, 61, -900.00, '2019-02-04', NULL, 5, 3),
(375, 56, 420.00, '2018-03-07', NULL, 2, 3),
(376, 75, -640.00, '2018-02-14', NULL, 4, 1),
(377, 30, -670.00, '2019-06-26', NULL, 1, 1),
(378, 25, 130.00, '2018-09-20', NULL, 6, 1),
(379, 42, 560.00, '2019-08-02', NULL, 4, 3),
(380, 42, 280.00, '2018-09-03', NULL, 1, 2),
(381, 36, 850.00, '2018-04-19', NULL, 1, 3),
(382, 44, -380.00, '2019-08-26', NULL, 5, 2),
(383, 70, -740.00, '2018-03-08', NULL, 5, 4),
(384, 100, 320.00, '2018-05-07', NULL, 5, 4),
(385, 99, 190.00, '2019-08-03', NULL, 2, 4),
(386, 21, 490.00, '2019-06-24', NULL, 4, 1),
(387, 96, 410.00, '2019-06-21', NULL, 1, 3),
(388, 66, 180.00, '2018-08-08', NULL, 3, 3),
(389, 19, 600.00, '2018-02-14', NULL, 5, 3),
(390, 30, -200.00, '2019-04-06', NULL, 2, 1),
(391, 90, -630.00, '2019-09-25', NULL, 5, 1),
(392, 27, -730.00, '2019-05-01', NULL, 1, 2),
(393, 35, 880.00, '2018-07-02', NULL, 2, 1),
(394, 9, -360.00, '2019-09-21', NULL, 1, 4),
(395, 3, -840.00, '2018-09-23', NULL, 1, 3),
(396, 91, 880.00, '2018-03-10', NULL, 4, 4),
(397, 49, 890.00, '2018-05-25', NULL, 3, 4),
(398, 22, -270.00, '2019-02-27', NULL, 6, 3),
(399, 60, 660.00, '2019-07-02', NULL, 4, 4),
(400, 25, -860.00, '2018-08-14', NULL, 5, 4),
(401, 57, 920.00, '2018-04-09', NULL, 1, 2),
(402, 57, -420.00, '2018-09-17', NULL, 4, 3),
(403, 77, 980.00, '2018-03-09', NULL, 2, 3),
(404, 89, 810.00, '2019-03-26', NULL, 2, 2),
(405, 75, -420.00, '2018-04-24', NULL, 3, 4),
(406, 106, 850.00, '2018-02-28', NULL, 5, 3),
(407, 57, -440.00, '2019-03-13', NULL, 4, 4),
(408, 8, 370.00, '2018-09-11', NULL, 4, 4),
(409, 79, 340.00, '2019-07-25', NULL, 3, 4),
(410, 73, -480.00, '2019-07-17', NULL, 2, 2),
(411, 50, -640.00, '2018-06-23', NULL, 2, 1),
(412, 59, 280.00, '2018-04-28', NULL, 4, 4),
(413, 55, -200.00, '2018-07-25', NULL, 1, 1),
(414, 29, -330.00, '2019-03-14', NULL, 3, 1),
(415, 74, -250.00, '2018-05-04', NULL, 5, 1),
(416, 77, 900.00, '2018-08-22', NULL, 2, 1),
(417, 18, -840.00, '2019-05-22', NULL, 1, 4),
(418, 32, 750.00, '2019-08-21', NULL, 3, 4),
(419, 105, -330.00, '2018-02-24', NULL, 4, 3),
(420, 36, -380.00, '2019-04-08', NULL, 3, 3),
(421, 19, -290.00, '2019-06-03', NULL, 5, 1),
(422, 9, -780.00, '2018-04-25', NULL, 4, 2),
(423, 34, -250.00, '2018-02-14', NULL, 6, 4),
(424, 33, -410.00, '2019-07-28', NULL, 2, 3),
(425, 33, 620.00, '2018-07-05', NULL, 3, 3),
(426, 11, 120.00, '2019-02-27', NULL, 4, 4),
(427, 62, -150.00, '2018-08-05', NULL, 6, 3),
(428, 75, -410.00, '2018-03-23', NULL, 1, 4),
(429, 10, 130.00, '2019-04-10', NULL, 3, 4),
(430, 100, 870.00, '2019-09-28', NULL, 3, 4),
(431, 41, 100.00, '2018-07-06', NULL, 4, 1),
(432, 64, 230.00, '2019-07-21', NULL, 3, 1),
(433, 59, 320.00, '2019-07-25', NULL, 5, 4),
(434, 36, -900.00, '2018-06-27', NULL, 1, 2),
(435, 67, -100.00, '2018-08-17', NULL, 5, 4),
(436, 27, -120.00, '2019-04-09', NULL, 2, 1),
(437, 48, 1000.00, '2018-07-28', NULL, 6, 1),
(438, 76, 610.00, '2019-02-08', NULL, 6, 1),
(439, 51, -470.00, '2019-07-18', NULL, 1, 1),
(440, 22, 870.00, '2018-03-12', NULL, 5, 4),
(441, 105, -540.00, '2019-07-23', NULL, 4, 1),
(442, 92, 610.00, '2018-05-27', NULL, 1, 1),
(443, 22, 870.00, '2018-05-13', NULL, 2, 2),
(444, 31, 440.00, '2019-03-18', NULL, 5, 3),
(445, 21, -760.00, '2019-06-21', NULL, 4, 1),
(446, 26, 800.00, '2019-07-13', NULL, 4, 3),
(447, 14, -110.00, '2019-06-13', NULL, 4, 2),
(448, 101, 450.00, '2019-08-20', NULL, 3, 4),
(449, 78, 730.00, '2018-02-18', NULL, 2, 2),
(450, 91, 990.00, '2019-08-19', NULL, 4, 4),
(451, 40, 840.00, '2018-02-15', NULL, 6, 1),
(452, 63, 930.00, '2018-04-03', NULL, 3, 4),
(453, 50, -420.00, '2019-03-05', NULL, 1, 2),
(454, 94, -280.00, '2018-05-08', NULL, 5, 3),
(455, 77, 590.00, '2018-08-22', NULL, 5, 3),
(456, 51, 910.00, '2018-03-20', NULL, 5, 2),
(457, 35, 790.00, '2018-09-06', NULL, 3, 2),
(458, 52, 510.00, '2018-08-26', NULL, 2, 3),
(459, 29, -110.00, '2019-05-21', NULL, 5, 3),
(460, 70, -580.00, '2019-02-12', NULL, 1, 3),
(461, 3, 120.00, '2019-06-25', NULL, 6, 4),
(462, 98, -710.00, '2019-02-06', NULL, 4, 1),
(463, 6, -630.00, '2018-09-08', NULL, 1, 3),
(464, 27, -430.00, '2018-03-20', NULL, 1, 3),
(465, 39, -250.00, '2019-06-17', NULL, 2, 4),
(466, 23, 480.00, '2018-08-22', NULL, 2, 4),
(467, 47, 630.00, '2019-05-10', NULL, 5, 3),
(468, 105, -230.00, '2018-08-08', NULL, 4, 2),
(469, 5, 640.00, '2018-05-26', NULL, 2, 2),
(470, 38, 200.00, '2019-08-14', NULL, 5, 3),
(471, 3, 420.00, '2018-06-03', NULL, 3, 3),
(472, 33, 620.00, '2019-09-17', NULL, 3, 2),
(473, 5, 120.00, '2019-03-19', NULL, 4, 2),
(474, 90, 240.00, '2019-08-06', NULL, 2, 1),
(475, 88, 160.00, '2018-08-07', NULL, 5, 4),
(476, 4, -630.00, '2018-09-19', NULL, 5, 2),
(477, 92, -660.00, '2019-03-04', NULL, 4, 1),
(478, 32, 450.00, '2018-03-23', NULL, 5, 3),
(479, 56, 840.00, '2019-02-09', NULL, 4, 1),
(480, 97, 260.00, '2018-05-20', NULL, 6, 1),
(481, 55, -680.00, '2019-08-28', NULL, 2, 2),
(482, 96, 770.00, '2018-04-21', NULL, 3, 1),
(483, 61, 510.00, '2018-09-02', NULL, 6, 2),
(484, 67, -440.00, '2018-05-12', NULL, 6, 1),
(485, 93, 960.00, '2019-05-11', NULL, 5, 4),
(486, 51, 330.00, '2019-02-06', NULL, 3, 3),
(487, 93, -880.00, '2019-02-13', NULL, 5, 3),
(488, 22, -810.00, '2018-02-03', NULL, 3, 3),
(489, 33, -570.00, '2019-06-02', NULL, 6, 4),
(490, 70, -450.00, '2019-04-02', NULL, 1, 4),
(491, 63, 530.00, '2019-08-11', NULL, 3, 1),
(492, 42, 710.00, '2019-05-02', NULL, 4, 1),
(493, 32, -210.00, '2018-09-12', NULL, 6, 1),
(494, 87, 990.00, '2019-08-23', NULL, 1, 2),
(495, 53, 560.00, '2019-08-25', NULL, 5, 3),
(496, 53, -810.00, '2019-02-20', NULL, 1, 4),
(497, 7, -820.00, '2019-02-27', NULL, 2, 2),
(498, 79, 270.00, '2019-05-02', NULL, 2, 1),
(499, 29, -370.00, '2019-04-05', NULL, 6, 1),
(500, 13, -360.00, '2018-02-01', NULL, 6, 4),
(501, 67, 720.00, '2019-04-17', NULL, 3, 1),
(502, 82, 970.00, '2018-03-09', NULL, 6, 4),
(503, 46, 110.00, '2019-02-24', NULL, 5, 1),
(504, 87, 630.00, '2019-08-04', NULL, 1, 4),
(505, 36, -800.00, '2018-03-21', NULL, 4, 1),
(506, 9, -480.00, '2019-03-13', NULL, 2, 1),
(507, 20, 880.00, '2018-04-11', NULL, 4, 4),
(508, 9, 980.00, '2018-09-17', NULL, 1, 4),
(509, 88, 490.00, '2018-05-25', NULL, 1, 3),
(510, 51, 640.00, '2018-03-02', NULL, 3, 4),
(511, 9, 760.00, '2018-06-10', NULL, 1, 3),
(512, 40, -860.00, '2018-02-02', NULL, 5, 3),
(513, 79, -610.00, '2019-09-15', NULL, 6, 3),
(514, 6, 130.00, '2019-05-16', NULL, 6, 4),
(515, 86, 510.00, '2019-06-22', NULL, 1, 3),
(516, 57, 890.00, '2018-09-20', NULL, 5, 1),
(517, 5, 380.00, '2018-03-15', NULL, 4, 2),
(518, 106, 300.00, '2018-07-16', NULL, 2, 4),
(519, 101, 380.00, '2019-06-16', NULL, 6, 1),
(520, 60, 830.00, '2018-03-14', NULL, 3, 4),
(521, 41, 100.00, '2018-03-10', NULL, 5, 2),
(522, 59, 780.00, '2018-04-17', NULL, 2, 2),
(523, 88, 800.00, '2019-03-06', NULL, 2, 2),
(524, 66, -300.00, '2018-02-24', NULL, 2, 4),
(525, 106, 330.00, '2019-04-08', NULL, 4, 2),
(526, 70, -120.00, '2019-08-07', NULL, 1, 4),
(527, 29, 780.00, '2019-03-21', NULL, 2, 4),
(528, 34, 980.00, '2018-04-09', NULL, 4, 1),
(529, 52, 1000.00, '2018-07-07', NULL, 1, 1),
(530, 90, 970.00, '2018-05-26', NULL, 1, 4),
(531, 87, 570.00, '2019-02-18', NULL, 6, 1),
(532, 38, 860.00, '2018-08-24', NULL, 6, 4),
(533, 41, 780.00, '2018-08-08', NULL, 2, 1),
(534, 68, 330.00, '2019-04-05', NULL, 3, 4),
(535, 83, 750.00, '2019-09-03', NULL, 3, 3),
(536, 72, -630.00, '2019-05-08', NULL, 5, 3),
(537, 58, -1000.00, '2019-04-04', NULL, 3, 4),
(538, 2, 620.00, '2018-02-03', NULL, 3, 4),
(539, 4, 700.00, '2019-02-14', NULL, 3, 4),
(540, 29, -810.00, '2018-08-17', NULL, 1, 2),
(541, 2, 820.00, '2018-05-20', NULL, 5, 4),
(542, 94, 330.00, '2019-04-09', NULL, 1, 1),
(543, 91, 880.00, '2018-04-16', NULL, 1, 2),
(544, 22, 810.00, '2018-07-28', NULL, 5, 2),
(545, 84, -360.00, '2018-08-23', NULL, 3, 1),
(546, 7, 330.00, '2018-09-27', NULL, 1, 1),
(547, 95, 980.00, '2019-04-02', NULL, 5, 3),
(548, 18, 260.00, '2019-07-02', NULL, 3, 1),
(549, 68, 360.00, '2019-02-09', NULL, 6, 1),
(550, 73, 420.00, '2018-02-07', NULL, 1, 3),
(551, 17, 810.00, '2018-04-09', NULL, 5, 2),
(552, 41, 510.00, '2019-09-16', NULL, 2, 4),
(553, 98, -710.00, '2019-06-24', NULL, 5, 1),
(554, 44, 300.00, '2019-09-25', NULL, 4, 3),
(555, 79, -660.00, '2018-02-19', NULL, 4, 1),
(556, 30, 290.00, '2018-04-21', NULL, 6, 2),
(557, 79, 810.00, '2019-03-15', NULL, 4, 1),
(558, 77, 660.00, '2018-04-05', NULL, 3, 3),
(559, 73, 510.00, '2018-02-18', NULL, 6, 2),
(560, 73, 650.00, '2018-06-04', NULL, 6, 2),
(561, 18, 820.00, '2019-07-27', NULL, 6, 1),
(562, 44, 420.00, '2019-04-04', NULL, 6, 4),
(563, 20, 240.00, '2019-08-07', NULL, 6, 2),
(564, 101, 200.00, '2019-09-19', NULL, 2, 1),
(565, 60, -690.00, '2019-08-10', NULL, 6, 4),
(566, 99, -760.00, '2018-05-23', NULL, 5, 3),
(567, 82, 360.00, '2019-03-07', NULL, 4, 3),
(568, 38, 320.00, '2018-06-17', NULL, 4, 1),
(569, 85, 610.00, '2019-03-24', NULL, 6, 3),
(570, 11, 500.00, '2018-09-19', NULL, 6, 1),
(571, 57, -920.00, '2019-09-05', NULL, 5, 1),
(572, 68, 320.00, '2018-02-16', NULL, 3, 4),
(573, 51, 410.00, '2018-05-05', NULL, 5, 4),
(574, 64, -620.00, '2018-05-16', NULL, 1, 3),
(575, 4, 720.00, '2018-06-20', NULL, 5, 4),
(576, 58, -470.00, '2018-08-23', NULL, 6, 1),
(577, 81, 780.00, '2019-04-24', NULL, 6, 1),
(578, 84, -550.00, '2018-04-17', NULL, 4, 3),
(579, 73, 880.00, '2019-09-28', NULL, 6, 2),
(580, 76, 430.00, '2018-07-04', NULL, 4, 4),
(581, 57, 930.00, '2019-06-22', NULL, 4, 1),
(582, 86, 470.00, '2018-05-11', NULL, 6, 1),
(583, 97, -230.00, '2018-02-02', NULL, 6, 3),
(584, 29, 890.00, '2018-04-14', NULL, 3, 4),
(585, 53, -320.00, '2018-05-16', NULL, 3, 2),
(586, 77, -740.00, '2019-06-06', NULL, 2, 2),
(587, 79, -790.00, '2019-03-04', NULL, 6, 1),
(588, 41, 680.00, '2018-08-17', NULL, 6, 2),
(589, 34, 640.00, '2019-08-04', NULL, 2, 3),
(590, 68, 830.00, '2019-03-15', NULL, 5, 2),
(591, 5, 800.00, '2019-02-07', NULL, 2, 4),
(592, 92, 870.00, '2018-07-12', NULL, 6, 4),
(593, 30, 210.00, '2019-04-28', NULL, 3, 4),
(594, 62, 640.00, '2018-03-16', NULL, 6, 3),
(595, 105, 430.00, '2019-09-09', NULL, 4, 4),
(596, 105, 980.00, '2018-08-23', NULL, 1, 2),
(597, 90, 300.00, '2018-02-18', NULL, 2, 3),
(598, 97, -300.00, '2019-05-20', NULL, 6, 4),
(599, 103, 830.00, '2018-05-28', NULL, 1, 4),
(600, 58, -590.00, '2019-04-08', NULL, 5, 4),
(601, 58, -500.00, '2018-02-22', NULL, 1, 2),
(602, 100, 100.00, '2018-02-11', NULL, 4, 4),
(603, 22, 520.00, '2019-03-09', NULL, 1, 1),
(604, 83, 1000.00, '2018-09-17', NULL, 6, 3),
(605, 99, 730.00, '2019-09-22', NULL, 5, 4),
(606, 86, 240.00, '2019-08-15', NULL, 3, 4),
(607, 11, 530.00, '2018-06-25', NULL, 4, 4),
(608, 75, 920.00, '2019-09-18', NULL, 6, 1),
(609, 98, 840.00, '2019-05-02', NULL, 2, 4),
(610, 64, -680.00, '2019-05-28', NULL, 5, 3),
(611, 25, -160.00, '2018-08-12', NULL, 2, 4),
(612, 3, -170.00, '2019-07-05', NULL, 6, 1),
(613, 10, 600.00, '2019-09-13', NULL, 3, 1),
(614, 26, -190.00, '2018-05-10', NULL, 5, 3),
(615, 84, -110.00, '2019-06-14', NULL, 1, 2),
(616, 7, 870.00, '2018-07-13', NULL, 3, 3),
(617, 16, 260.00, '2019-09-12', NULL, 1, 1),
(618, 7, -120.00, '2018-05-02', NULL, 4, 4),
(619, 98, 260.00, '2019-08-05', NULL, 2, 4),
(620, 39, 320.00, '2018-09-20', NULL, 4, 4),
(621, 96, -730.00, '2019-05-21', NULL, 6, 4),
(622, 19, 960.00, '2018-04-21', NULL, 5, 3),
(623, 69, 210.00, '2019-06-12', NULL, 1, 3),
(624, 46, -750.00, '2018-05-03', NULL, 6, 4),
(625, 7, 780.00, '2018-07-26', NULL, 6, 4),
(626, 75, 920.00, '2018-02-14', NULL, 2, 3),
(627, 56, -820.00, '2019-03-13', NULL, 5, 1),
(628, 85, 480.00, '2018-02-28', NULL, 3, 3),
(629, 80, 610.00, '2018-08-20', NULL, 1, 4),
(630, 44, 700.00, '2019-07-22', NULL, 2, 2),
(631, 94, 810.00, '2018-03-26', NULL, 2, 3),
(632, 47, -810.00, '2018-08-09', NULL, 6, 3),
(633, 39, 600.00, '2019-02-11', NULL, 2, 3),
(634, 3, -380.00, '2018-07-17', NULL, 5, 4),
(635, 72, 810.00, '2019-02-05', NULL, 4, 1),
(636, 71, 960.00, '2019-04-26', NULL, 1, 4),
(637, 4, 480.00, '2019-05-12', NULL, 2, 4),
(638, 42, 930.00, '2019-05-05', NULL, 5, 3),
(639, 83, 620.00, '2019-05-24', NULL, 1, 2),
(640, 10, 920.00, '2018-05-09', NULL, 2, 1),
(641, 81, 760.00, '2019-02-08', NULL, 1, 2),
(642, 31, -690.00, '2019-04-16', NULL, 1, 2),
(643, 100, -240.00, '2018-07-23', NULL, 5, 2),
(644, 55, 900.00, '2018-07-03', NULL, 2, 3),
(645, 101, -430.00, '2019-07-26', NULL, 2, 3),
(646, 31, -690.00, '2018-03-27', NULL, 2, 4),
(647, 35, -580.00, '2019-07-06', NULL, 2, 1),
(648, 36, 920.00, '2019-05-06', NULL, 3, 4),
(649, 26, 560.00, '2019-03-07', NULL, 2, 1),
(650, 29, 980.00, '2019-09-28', NULL, 3, 4),
(651, 60, 670.00, '2019-06-23', NULL, 6, 2),
(652, 69, -920.00, '2018-03-25', NULL, 1, 3),
(653, 89, 280.00, '2018-06-08', NULL, 2, 1),
(654, 37, 690.00, '2018-07-27', NULL, 5, 1),
(655, 65, 620.00, '2019-09-03', NULL, 4, 3),
(656, 76, 250.00, '2018-04-12', NULL, 1, 1),
(657, 97, 840.00, '2018-06-20', NULL, 4, 3),
(658, 92, 120.00, '2019-09-23', NULL, 4, 1),
(659, 75, -610.00, '2019-05-08', NULL, 5, 2),
(660, 75, -350.00, '2019-09-11', NULL, 5, 1),
(661, 15, -980.00, '2018-04-19', NULL, 1, 4),
(662, 1, 120.00, '2019-04-23', NULL, 4, 3),
(663, 92, 770.00, '2018-07-21', NULL, 3, 4),
(664, 53, -740.00, '2019-04-08', NULL, 2, 1),
(665, 69, -990.00, '2019-09-25', NULL, 5, 2),
(666, 86, 950.00, '2018-03-16', NULL, 3, 4),
(667, 13, 560.00, '2019-08-20', NULL, 1, 1),
(668, 88, 290.00, '2018-06-25', NULL, 6, 3),
(669, 41, 840.00, '2019-07-06', NULL, 2, 2),
(670, 52, 330.00, '2018-08-04', NULL, 4, 4),
(671, 62, 620.00, '2019-08-01', NULL, 6, 1),
(672, 5, 540.00, '2019-06-01', NULL, 3, 1),
(673, 97, 680.00, '2018-04-12', NULL, 2, 4),
(674, 91, 620.00, '2018-02-14', NULL, 3, 1),
(675, 88, -700.00, '2019-07-10', NULL, 2, 4),
(676, 93, 790.00, '2018-08-20', NULL, 4, 2),
(677, 73, 870.00, '2019-05-18', NULL, 1, 3),
(678, 49, -980.00, '2019-02-19', NULL, 3, 1),
(679, 28, 260.00, '2018-06-18', NULL, 6, 4),
(680, 93, -450.00, '2019-05-27', NULL, 3, 1),
(681, 33, 800.00, '2018-09-13', NULL, 6, 3),
(682, 15, 300.00, '2019-05-23', NULL, 1, 4),
(683, 80, -400.00, '2018-02-23', NULL, 5, 3),
(684, 60, -260.00, '2019-04-10', NULL, 5, 3),
(685, 44, 770.00, '2019-05-17', NULL, 4, 2),
(686, 74, -460.00, '2019-03-09', NULL, 4, 3),
(687, 83, -140.00, '2018-08-20', NULL, 4, 1),
(688, 98, -670.00, '2019-08-19', NULL, 3, 2),
(689, 52, -570.00, '2019-03-16', NULL, 3, 3),
(690, 29, 710.00, '2018-09-03', NULL, 5, 4),
(691, 31, -690.00, '2018-07-10', NULL, 5, 2),
(692, 5, 940.00, '2018-04-14', NULL, 6, 1),
(693, 21, 470.00, '2018-04-28', NULL, 2, 2),
(694, 38, 270.00, '2019-09-13', NULL, 4, 2),
(695, 8, -380.00, '2018-07-21', NULL, 4, 2),
(696, 20, -150.00, '2019-08-23', NULL, 3, 2),
(697, 65, 110.00, '2019-02-09', NULL, 1, 2),
(698, 92, 150.00, '2019-05-16', NULL, 6, 4),
(699, 52, 190.00, '2019-04-05', NULL, 1, 2),
(700, 99, 630.00, '2018-02-04', NULL, 2, 2),
(701, 31, 470.00, '2018-06-16', NULL, 1, 4),
(702, 47, 730.00, '2018-05-09', NULL, 5, 3),
(703, 82, -490.00, '2018-02-14', NULL, 2, 3),
(704, 18, 200.00, '2018-03-06', NULL, 6, 4),
(705, 51, -250.00, '2018-04-02', NULL, 2, 3),
(706, 22, 270.00, '2018-02-22', NULL, 6, 3),
(707, 34, 970.00, '2019-02-02', NULL, 1, 3),
(708, 50, -350.00, '2019-05-13', NULL, 5, 1),
(709, 75, 240.00, '2019-03-26', NULL, 4, 2),
(710, 100, 610.00, '2019-07-28', NULL, 5, 2),
(711, 42, 830.00, '2019-07-27', NULL, 6, 4),
(712, 75, 110.00, '2018-03-03', NULL, 1, 2),
(713, 30, -100.00, '2018-08-23', NULL, 3, 3),
(714, 27, 870.00, '2018-03-05', NULL, 3, 2),
(715, 30, 530.00, '2018-09-20', NULL, 3, 1),
(716, 88, 930.00, '2018-09-20', NULL, 4, 2),
(717, 14, 650.00, '2019-09-04', NULL, 1, 3),
(718, 7, 990.00, '2018-06-27', NULL, 5, 3),
(719, 45, -680.00, '2019-03-23', NULL, 2, 1),
(720, 99, 190.00, '2018-08-22', NULL, 4, 3),
(721, 56, -390.00, '2019-07-11', NULL, 6, 1),
(722, 2, -540.00, '2019-07-06', NULL, 6, 3),
(723, 57, 140.00, '2018-09-24', NULL, 4, 4),
(724, 83, 180.00, '2019-06-02', NULL, 4, 2),
(725, 30, 350.00, '2019-09-20', NULL, 4, 2),
(726, 58, 580.00, '2019-07-21', NULL, 2, 3),
(727, 23, 380.00, '2019-07-19', NULL, 4, 2),
(728, 98, 520.00, '2019-03-26', NULL, 2, 2),
(729, 51, 710.00, '2018-09-06', NULL, 1, 4),
(730, 69, 590.00, '2019-03-14', NULL, 2, 1),
(731, 41, 180.00, '2018-09-05', NULL, 3, 4),
(732, 17, -160.00, '2019-04-06', NULL, 4, 3),
(733, 65, -270.00, '2018-02-26', NULL, 6, 4),
(734, 8, 580.00, '2018-03-20', NULL, 1, 1),
(735, 67, 860.00, '2019-09-22', NULL, 5, 2),
(736, 7, 130.00, '2019-08-17', NULL, 2, 2),
(737, 88, -870.00, '2018-04-16', NULL, 5, 4),
(738, 46, 190.00, '2019-09-12', NULL, 6, 3),
(739, 23, 350.00, '2018-06-12', NULL, 6, 2),
(740, 39, 570.00, '2018-04-27', NULL, 1, 1),
(741, 67, 210.00, '2019-09-22', NULL, 2, 4),
(742, 47, 120.00, '2018-09-03', NULL, 4, 2),
(743, 53, -180.00, '2019-07-18', NULL, 2, 2),
(744, 84, 100.00, '2019-08-08', NULL, 1, 2),
(745, 26, 640.00, '2019-02-21', NULL, 6, 4),
(746, 3, 530.00, '2018-04-01', NULL, 6, 3),
(747, 15, 710.00, '2018-05-06', NULL, 6, 4),
(748, 31, 930.00, '2018-04-16', NULL, 5, 4),
(749, 62, 420.00, '2019-05-19', NULL, 5, 3),
(750, 44, -840.00, '2018-06-19', NULL, 1, 1),
(751, 68, -440.00, '2018-06-07', NULL, 4, 1),
(752, 49, 780.00, '2018-09-28', NULL, 5, 4),
(753, 5, -600.00, '2019-03-08', NULL, 2, 2),
(754, 104, 450.00, '2018-08-11', NULL, 6, 2),
(755, 5, 410.00, '2018-03-07', NULL, 2, 3),
(756, 71, -540.00, '2019-07-25', NULL, 6, 4),
(757, 40, -320.00, '2018-02-11', NULL, 2, 4),
(758, 87, -870.00, '2019-09-06', NULL, 4, 1),
(759, 71, -600.00, '2018-05-16', NULL, 4, 4),
(760, 72, 390.00, '2019-06-14', NULL, 2, 4),
(761, 61, 630.00, '2018-07-09', NULL, 2, 4),
(762, 92, 720.00, '2019-06-25', NULL, 3, 3),
(763, 88, -550.00, '2018-08-10', NULL, 3, 2),
(764, 59, -220.00, '2019-02-15', NULL, 3, 2),
(765, 17, -600.00, '2019-07-17', NULL, 6, 3),
(766, 37, 110.00, '2019-06-08', NULL, 3, 3),
(767, 1, 270.00, '2019-06-26', NULL, 6, 4),
(768, 24, 550.00, '2019-07-12', NULL, 6, 4),
(769, 17, -370.00, '2018-02-10', NULL, 1, 2),
(770, 96, -330.00, '2019-07-27', NULL, 2, 2),
(771, 49, 310.00, '2019-06-23', NULL, 4, 4),
(772, 46, 970.00, '2019-09-06', NULL, 2, 3),
(773, 103, -350.00, '2018-09-24', NULL, 6, 1),
(774, 62, 430.00, '2018-02-28', NULL, 6, 2),
(775, 12, 350.00, '2018-05-09', NULL, 3, 3),
(776, 8, -370.00, '2018-08-27', NULL, 5, 3),
(777, 18, 590.00, '2018-03-28', NULL, 4, 4),
(778, 16, -600.00, '2018-09-13', NULL, 1, 4),
(779, 63, -460.00, '2019-02-07', NULL, 5, 2),
(780, 81, 110.00, '2018-02-20', NULL, 2, 3),
(781, 25, 610.00, '2018-07-25', NULL, 4, 1),
(782, 50, 640.00, '2018-03-09', NULL, 4, 2),
(783, 81, 620.00, '2019-07-16', NULL, 2, 4),
(784, 94, 720.00, '2019-07-21', NULL, 2, 3),
(785, 23, -650.00, '2019-04-24', NULL, 3, 1),
(786, 7, 190.00, '2019-02-02', NULL, 1, 3),
(787, 11, -950.00, '2019-04-02', NULL, 4, 1),
(788, 63, 890.00, '2018-09-22', NULL, 5, 1),
(789, 21, 180.00, '2019-04-12', NULL, 3, 3),
(790, 86, 420.00, '2019-03-10', NULL, 2, 4),
(791, 5, 900.00, '2019-03-25', NULL, 2, 3),
(792, 71, 670.00, '2018-08-12', NULL, 4, 3),
(793, 10, 320.00, '2018-02-18', NULL, 5, 2),
(794, 20, -420.00, '2019-04-05', NULL, 2, 4),
(795, 70, 150.00, '2019-03-26', NULL, 1, 3),
(796, 3, 340.00, '2019-08-08', NULL, 1, 2),
(797, 101, 910.00, '2019-09-19', NULL, 6, 3),
(798, 97, 760.00, '2019-09-11', NULL, 6, 1),
(799, 82, 310.00, '2018-05-16', NULL, 5, 4),
(800, 73, 950.00, '2018-06-27', NULL, 6, 2),
(801, 105, 540.00, '2019-05-25', NULL, 4, 1),
(802, 19, 810.00, '2018-04-14', NULL, 4, 2),
(803, 40, -190.00, '2019-06-13', NULL, 3, 3),
(804, 50, 720.00, '2019-08-14', NULL, 6, 4),
(805, 98, 900.00, '2018-09-22', NULL, 1, 3),
(806, 67, 140.00, '2019-03-27', NULL, 6, 2),
(807, 46, 440.00, '2018-09-09', NULL, 4, 1),
(808, 14, -230.00, '2018-02-05', NULL, 1, 4),
(809, 97, 160.00, '2018-03-17', NULL, 5, 4),
(810, 46, 230.00, '2019-06-17', NULL, 6, 2),
(811, 90, -230.00, '2018-05-06', NULL, 6, 4),
(812, 62, 540.00, '2018-09-17', NULL, 4, 3),
(813, 23, -900.00, '2019-06-22', NULL, 2, 1),
(814, 14, -570.00, '2019-02-21', NULL, 5, 2),
(815, 36, 190.00, '2018-09-01', NULL, 6, 3),
(816, 21, 1000.00, '2018-05-12', NULL, 1, 2),
(817, 37, 820.00, '2019-02-23', NULL, 5, 1),
(818, 30, 460.00, '2018-03-02', NULL, 3, 4),
(819, 60, -280.00, '2018-05-10', NULL, 4, 4),
(820, 101, 930.00, '2018-03-04', NULL, 6, 1),
(821, 44, 980.00, '2018-02-04', NULL, 5, 1),
(822, 29, -790.00, '2019-04-17', NULL, 5, 2),
(823, 27, -840.00, '2018-09-01', NULL, 5, 1),
(824, 2, 410.00, '2018-03-01', NULL, 6, 4),
(825, 15, 370.00, '2018-07-05', NULL, 6, 2),
(826, 61, -540.00, '2018-04-15', NULL, 1, 2),
(827, 70, 200.00, '2019-02-28', NULL, 3, 4),
(828, 44, 590.00, '2018-06-15', NULL, 3, 4),
(829, 31, -180.00, '2019-05-28', NULL, 6, 4),
(830, 93, 900.00, '2018-04-16', NULL, 1, 1),
(831, 25, 740.00, '2018-03-24', NULL, 6, 2),
(832, 99, -720.00, '2018-02-12', NULL, 4, 3),
(833, 75, 170.00, '2018-05-23', NULL, 6, 1),
(834, 98, -870.00, '2019-02-12', NULL, 4, 2),
(835, 95, -550.00, '2019-09-26', NULL, 5, 2),
(836, 50, 590.00, '2018-03-23', NULL, 5, 3),
(837, 38, -440.00, '2019-02-24', NULL, 2, 3),
(838, 29, 420.00, '2018-05-09', NULL, 1, 3),
(839, 5, -150.00, '2018-08-23', NULL, 1, 4),
(840, 88, 840.00, '2019-08-01', NULL, 4, 1),
(841, 106, 180.00, '2019-08-15', NULL, 6, 2),
(842, 95, 250.00, '2019-05-11', NULL, 4, 2),
(843, 82, 720.00, '2018-02-04', NULL, 4, 1),
(844, 24, -710.00, '2019-02-28', NULL, 1, 1),
(845, 43, 920.00, '2018-02-04', NULL, 1, 1),
(846, 26, 860.00, '2018-09-27', NULL, 5, 3),
(847, 20, -230.00, '2019-02-08', NULL, 3, 1),
(848, 31, 510.00, '2018-04-16', NULL, 5, 3),
(849, 56, -680.00, '2019-05-02', NULL, 6, 4),
(850, 102, 900.00, '2019-03-20', NULL, 1, 3),
(851, 79, 240.00, '2019-02-25', NULL, 2, 3),
(852, 53, 130.00, '2018-08-24', NULL, 1, 3),
(853, 103, 830.00, '2018-09-14', NULL, 2, 1),
(854, 45, 160.00, '2018-04-04', NULL, 6, 3),
(855, 105, -250.00, '2019-05-08', NULL, 4, 1),
(856, 84, 710.00, '2018-03-13', NULL, 5, 2),
(857, 36, -560.00, '2018-06-11', NULL, 3, 1),
(858, 75, -650.00, '2018-05-04', NULL, 6, 4),
(859, 11, 480.00, '2018-05-07', NULL, 3, 2),
(860, 9, -620.00, '2019-06-06', NULL, 3, 2),
(861, 12, -840.00, '2019-07-23', NULL, 4, 4),
(862, 18, -430.00, '2019-02-14', NULL, 2, 3),
(863, 25, 100.00, '2019-05-20', NULL, 5, 2),
(864, 17, 310.00, '2018-08-27', NULL, 3, 1),
(865, 14, -660.00, '2018-03-14', NULL, 2, 2),
(866, 17, -900.00, '2019-06-19', NULL, 6, 4),
(867, 65, 240.00, '2018-02-10', NULL, 3, 1),
(868, 80, 710.00, '2018-03-19', NULL, 4, 2),
(869, 44, -890.00, '2019-04-09', NULL, 1, 4),
(870, 86, 460.00, '2019-04-21', NULL, 5, 3),
(871, 101, -350.00, '2018-05-24', NULL, 5, 1),
(872, 8, -500.00, '2019-08-26', NULL, 5, 2),
(873, 86, 620.00, '2019-05-26', NULL, 1, 2),
(874, 101, 650.00, '2018-09-19', NULL, 1, 4),
(875, 89, -260.00, '2018-09-17', NULL, 2, 1),
(876, 15, 340.00, '2018-04-02', NULL, 3, 3),
(877, 18, 230.00, '2019-07-09', NULL, 3, 4),
(878, 83, 750.00, '2019-09-05', NULL, 6, 2),
(879, 50, 200.00, '2018-02-07', NULL, 2, 2),
(880, 83, -280.00, '2019-03-19', NULL, 3, 1),
(881, 44, 560.00, '2018-08-09', NULL, 5, 1),
(882, 104, 560.00, '2019-09-25', NULL, 2, 2),
(883, 8, 490.00, '2018-02-13', NULL, 2, 3),
(884, 100, -160.00, '2019-02-05', NULL, 2, 2),
(885, 103, 110.00, '2019-02-14', NULL, 2, 2),
(886, 66, 450.00, '2018-02-16', NULL, 3, 3),
(887, 41, 360.00, '2018-03-13', NULL, 5, 1),
(888, 49, 850.00, '2018-05-28', NULL, 4, 1),
(889, 105, -720.00, '2018-06-25', NULL, 2, 2),
(890, 41, 740.00, '2018-07-26', NULL, 1, 2),
(891, 26, -460.00, '2019-03-21', NULL, 4, 3),
(892, 103, 540.00, '2018-08-27', NULL, 2, 1),
(893, 76, 100.00, '2019-08-08', NULL, 1, 4),
(894, 33, 220.00, '2018-03-07', NULL, 6, 4),
(895, 94, 610.00, '2018-05-19', NULL, 5, 2),
(896, 42, 880.00, '2019-05-27', NULL, 1, 2),
(897, 18, 160.00, '2018-09-10', NULL, 3, 3),
(898, 8, -480.00, '2019-04-04', NULL, 5, 2),
(899, 35, 200.00, '2019-07-10', NULL, 1, 1),
(900, 17, -570.00, '2018-09-09', NULL, 3, 4),
(901, 65, 290.00, '2018-03-12', NULL, 5, 2),
(902, 76, 570.00, '2018-02-20', NULL, 4, 1),
(903, 45, 620.00, '2018-02-10', NULL, 5, 2),
(904, 18, 560.00, '2019-04-05', NULL, 5, 3),
(905, 60, -530.00, '2018-06-02', NULL, 1, 4),
(906, 41, -320.00, '2018-09-27', NULL, 3, 4),
(907, 14, 560.00, '2019-08-11', NULL, 4, 2),
(908, 79, 410.00, '2019-09-07', NULL, 2, 3),
(909, 40, 380.00, '2019-09-07', NULL, 2, 1),
(910, 6, 600.00, '2018-02-25', NULL, 2, 1),
(911, 94, 420.00, '2019-02-19', NULL, 4, 2),
(912, 59, -620.00, '2018-05-14', NULL, 1, 1),
(913, 93, 310.00, '2018-09-25', NULL, 5, 2),
(914, 18, -200.00, '2019-08-19', NULL, 6, 3),
(915, 74, 370.00, '2018-03-15', NULL, 1, 3),
(916, 45, 340.00, '2019-05-16', NULL, 2, 1),
(917, 72, -980.00, '2019-08-26', NULL, 4, 1),
(918, 85, 310.00, '2019-09-01', NULL, 4, 4),
(919, 64, 650.00, '2018-07-21', NULL, 4, 1),
(920, 7, 350.00, '2018-05-09', NULL, 2, 4),
(921, 7, -880.00, '2019-07-25', NULL, 3, 2),
(922, 71, 560.00, '2019-06-21', NULL, 5, 3),
(923, 86, 640.00, '2019-02-08', NULL, 2, 1),
(924, 55, 890.00, '2019-07-22', NULL, 2, 3),
(925, 44, -700.00, '2019-07-22', NULL, 6, 3),
(926, 34, 120.00, '2019-05-06', NULL, 1, 2),
(927, 26, -820.00, '2019-02-15', NULL, 5, 2),
(928, 16, -130.00, '2018-03-10', NULL, 1, 3),
(929, 58, 860.00, '2018-09-08', NULL, 3, 1),
(930, 68, 350.00, '2018-07-25', NULL, 1, 2),
(931, 90, 890.00, '2019-07-27', NULL, 2, 4),
(932, 89, -230.00, '2018-08-22', NULL, 4, 1),
(933, 31, 980.00, '2019-02-25', NULL, 1, 3),
(934, 35, 490.00, '2019-02-21', NULL, 1, 3),
(935, 87, 200.00, '2019-09-09', NULL, 5, 4),
(936, 1, 830.00, '2018-08-27', NULL, 1, 4),
(937, 77, 460.00, '2019-05-20', NULL, 4, 2),
(938, 65, 590.00, '2019-07-10', NULL, 1, 1),
(939, 97, 310.00, '2019-08-26', NULL, 4, 3),
(940, 14, 800.00, '2018-07-22', NULL, 1, 4),
(941, 3, 410.00, '2018-06-17', NULL, 3, 4),
(942, 13, 720.00, '2018-08-09', NULL, 2, 1),
(943, 12, 330.00, '2018-09-21', NULL, 5, 3),
(944, 79, -550.00, '2019-05-08', NULL, 2, 4),
(945, 36, 480.00, '2018-05-09', NULL, 3, 4),
(946, 93, 260.00, '2018-09-07', NULL, 1, 4),
(947, 104, 350.00, '2019-06-16', NULL, 5, 2),
(948, 60, 510.00, '2019-06-14', NULL, 1, 1),
(949, 42, -150.00, '2018-08-24', NULL, 3, 3),
(950, 49, -420.00, '2018-08-18', NULL, 6, 1),
(951, 4, -510.00, '2019-05-05', NULL, 5, 4),
(952, 20, 800.00, '2019-05-03', NULL, 6, 3),
(953, 73, -220.00, '2019-08-25', NULL, 5, 3),
(954, 69, 210.00, '2018-04-05', NULL, 5, 4),
(955, 39, 990.00, '2019-04-20', NULL, 2, 3),
(956, 2, 640.00, '2018-05-04', NULL, 3, 1),
(957, 81, -830.00, '2019-06-22', NULL, 1, 1),
(958, 46, -580.00, '2019-02-11', NULL, 3, 4),
(959, 88, 210.00, '2019-06-11', NULL, 3, 3),
(960, 5, 190.00, '2019-04-05', NULL, 5, 3),
(961, 3, 540.00, '2018-04-26', NULL, 6, 2),
(962, 57, 460.00, '2019-08-24', NULL, 4, 3),
(963, 18, 300.00, '2018-04-27', NULL, 3, 4),
(964, 49, 890.00, '2018-05-14', NULL, 6, 4),
(965, 91, 610.00, '2018-07-18', NULL, 6, 1),
(966, 85, 350.00, '2018-09-25', NULL, 5, 2),
(967, 8, 410.00, '2019-06-05', NULL, 3, 2),
(968, 19, 430.00, '2018-09-12', NULL, 1, 4),
(969, 5, 750.00, '2018-09-23', NULL, 2, 4),
(970, 6, 740.00, '2019-07-05', NULL, 6, 3),
(971, 17, 520.00, '2018-05-15', NULL, 1, 3),
(972, 72, -210.00, '2019-09-18', NULL, 3, 4),
(973, 28, -690.00, '2018-09-26', NULL, 5, 2),
(974, 64, 200.00, '2018-07-03', NULL, 5, 2),
(975, 85, 650.00, '2018-02-02', NULL, 2, 4),
(976, 77, 360.00, '2019-02-18', NULL, 1, 4),
(977, 13, 140.00, '2019-04-08', NULL, 1, 4),
(978, 20, -950.00, '2018-03-23', NULL, 5, 4),
(979, 67, -860.00, '2018-06-12', NULL, 1, 3),
(980, 40, 660.00, '2019-03-10', NULL, 6, 2),
(981, 29, 990.00, '2019-07-08', NULL, 5, 2),
(982, 90, 500.00, '2019-08-11', NULL, 5, 4),
(983, 52, -710.00, '2018-02-21', NULL, 2, 1),
(984, 23, -440.00, '2018-09-19', NULL, 1, 3),
(985, 23, 520.00, '2019-04-07', NULL, 3, 3),
(986, 80, -800.00, '2018-09-16', NULL, 1, 4),
(987, 106, 120.00, '2019-06-16', NULL, 3, 1),
(988, 18, 400.00, '2018-03-24', NULL, 3, 3),
(989, 62, 240.00, '2019-05-02', NULL, 3, 2),
(990, 31, 100.00, '2019-02-01', NULL, 1, 3),
(991, 33, 850.00, '2019-02-07', NULL, 2, 1),
(992, 59, -770.00, '2019-08-03', NULL, 1, 2),
(993, 59, 120.00, '2018-09-04', NULL, 2, 1),
(994, 40, -300.00, '2018-08-19', NULL, 2, 1),
(995, 82, 970.00, '2018-03-04', NULL, 2, 4),
(996, 64, 600.00, '2019-05-10', NULL, 5, 4),
(997, 8, 370.00, '2019-05-10', NULL, 5, 4),
(998, 37, 370.00, '2019-04-18', NULL, 3, 2),
(999, 95, 830.00, '2018-03-05', NULL, 5, 1),
(1000, 75, 560.00, '2019-04-20', NULL, 2, 2),
(1001, 61, 1000.00, '2019-09-24', NULL, 5, 2),
(1002, 103, -700.00, '2019-04-20', NULL, 3, 4),
(1003, 13, 580.00, '2019-03-08', NULL, 5, 2),
(1004, 36, -630.00, '2018-05-07', NULL, 1, 1),
(1005, 14, 650.00, '2019-04-11', NULL, 6, 1),
(1006, 47, 880.00, '2019-04-09', NULL, 5, 2),
(1007, 84, 530.00, '2019-08-03', NULL, 3, 1),
(1008, 52, 220.00, '2018-07-20', NULL, 2, 2),
(1009, 28, 500.00, '2019-07-28', NULL, 2, 3),
(1010, 2, 590.00, '2019-05-06', NULL, 1, 3),
(1011, 68, 980.00, '2018-07-25', NULL, 4, 4),
(1012, 19, 800.00, '2018-03-20', NULL, 4, 3),
(1013, 51, 880.00, '2018-07-05', NULL, 2, 1),
(1014, 22, -730.00, '2019-09-18', NULL, 1, 4),
(1015, 40, 520.00, '2018-06-01', NULL, 5, 3),
(1016, 104, -110.00, '2019-06-28', NULL, 3, 3),
(1017, 18, -660.00, '2018-04-22', NULL, 2, 2),
(1018, 61, 780.00, '2019-07-17', NULL, 3, 4),
(1019, 39, -740.00, '2018-09-23', NULL, 1, 2),
(1020, 40, 710.00, '2019-07-21', NULL, 3, 4),
(1021, 91, -660.00, '2019-06-26', NULL, 3, 1),
(1022, 70, 730.00, '2019-06-27', NULL, 5, 4),
(1023, 26, -810.00, '2018-08-15', NULL, 5, 1),
(1024, 65, -930.00, '2019-06-15', NULL, 2, 4),
(1025, 85, -580.00, '2019-02-11', NULL, 3, 4),
(1026, 94, 120.00, '2019-02-14', NULL, 1, 1),
(1027, 49, -940.00, '2018-09-15', NULL, 6, 1),
(1028, 43, -360.00, '2018-09-22', NULL, 1, 1),
(1029, 76, 750.00, '2018-08-15', NULL, 4, 3),
(1030, 68, -100.00, '2019-06-05', NULL, 4, 4),
(1031, 31, -480.00, '2019-07-05', NULL, 4, 4),
(1032, 76, -480.00, '2019-07-28', NULL, 1, 1),
(1033, 43, 240.00, '2018-02-16', NULL, 4, 4),
(1034, 73, 880.00, '2018-07-18', NULL, 5, 1),
(1035, 22, -600.00, '2018-07-14', NULL, 6, 2),
(1036, 91, 220.00, '2019-09-16', NULL, 3, 3),
(1037, 20, 330.00, '2019-06-18', NULL, 1, 1),
(1038, 50, -740.00, '2019-04-17', NULL, 3, 2),
(1039, 79, 840.00, '2019-06-18', NULL, 6, 4),
(1040, 55, -690.00, '2018-05-13', NULL, 4, 3),
(1041, 11, -890.00, '2019-06-11', NULL, 5, 2),
(1042, 59, 720.00, '2018-02-25', NULL, 5, 3),
(1043, 93, 350.00, '2019-06-12', NULL, 5, 3),
(1044, 85, 860.00, '2018-09-17', NULL, 2, 2),
(1045, 18, 660.00, '2019-03-24', NULL, 3, 3),
(1046, 99, -940.00, '2019-08-12', NULL, 5, 4),
(1047, 88, -770.00, '2019-02-24', NULL, 5, 1),
(1048, 84, 100.00, '2018-04-01', NULL, 2, 2),
(1049, 67, 830.00, '2019-05-21', NULL, 1, 4),
(1050, 81, 650.00, '2018-06-22', NULL, 1, 4),
(1051, 32, 270.00, '2018-04-18', NULL, 2, 3),
(1052, 52, 310.00, '2018-05-15', NULL, 5, 3),
(1053, 100, -390.00, '2019-05-09', NULL, 1, 4),
(1054, 28, -830.00, '2018-04-23', NULL, 2, 4),
(1055, 36, 790.00, '2019-07-09', NULL, 3, 3),
(1056, 44, 730.00, '2018-05-13', NULL, 1, 2),
(1057, 74, 200.00, '2019-07-19', NULL, 1, 2),
(1058, 27, 370.00, '2018-04-20', NULL, 3, 2),
(1059, 67, 320.00, '2019-03-26', NULL, 4, 4),
(1060, 37, -230.00, '2019-06-26', NULL, 2, 2),
(1061, 14, 260.00, '2019-09-11', NULL, 5, 2),
(1062, 71, 110.00, '2019-09-05', NULL, 3, 1),
(1063, 39, 410.00, '2018-06-10', NULL, 2, 4),
(1064, 47, 200.00, '2019-05-17', NULL, 2, 3),
(1065, 72, 870.00, '2018-07-08', NULL, 2, 3),
(1066, 62, 750.00, '2018-09-23', NULL, 4, 2),
(1067, 89, -220.00, '2018-04-05', NULL, 6, 1),
(1068, 40, 670.00, '2018-09-15', NULL, 3, 3),
(1069, 78, -170.00, '2018-09-28', NULL, 2, 1),
(1070, 85, 580.00, '2019-02-17', NULL, 5, 4),
(1071, 55, 950.00, '2018-05-11', NULL, 6, 2),
(1072, 86, 670.00, '2019-02-08', NULL, 4, 1),
(1073, 6, 640.00, '2018-06-11', NULL, 3, 3),
(1074, 99, 950.00, '2019-08-02', NULL, 3, 1),
(1075, 21, -540.00, '2018-03-13', NULL, 4, 4),
(1076, 74, 560.00, '2018-02-01', NULL, 3, 1),
(1077, 105, 190.00, '2019-07-24', NULL, 4, 4),
(1078, 102, 900.00, '2019-09-26', NULL, 2, 3),
(1079, 46, -890.00, '2018-09-24', NULL, 1, 2),
(1080, 82, 600.00, '2018-03-12', NULL, 3, 4),
(1081, 20, 370.00, '2018-08-19', NULL, 1, 4),
(1082, 80, 210.00, '2018-04-09', NULL, 5, 1),
(1083, 18, 520.00, '2018-06-10', NULL, 5, 2);

-- --------------------------------------------------------

--
-- Структура таблицы `services`
--

CREATE TABLE `services` (
  `ID` int(11) UNSIGNED NOT NULL,
  `NAME` varchar(255) NOT NULL
) ENGINE=InnoDB DEFAULT CHARSET=utf8;

--
-- Дамп данных таблицы `services`
--

INSERT INTO `services` (`ID`, `NAME`) VALUES
(1, 'Интернет'),
(2, 'Телефония'),
(3, 'Хостинг'),
(4, 'Телевидение'),
(5, 'Настройка оборудования'),
(6, 'Антивирус');

-- --------------------------------------------------------

--
-- Структура таблицы `typepay`
--

CREATE TABLE `typepay` (
  `ID` int(11) UNSIGNED NOT NULL,
  `NAME` varchar(255) NOT NULL
) ENGINE=InnoDB DEFAULT CHARSET=utf8;

--
-- Дамп данных таблицы `typepay`
--

INSERT INTO `typepay` (`ID`, `NAME`) VALUES
(1, 'Оплата услуг'),
(2, 'Расчет биллинговой системы'),
(3, 'Перерасчет'),
(4, 'Бонус-начисление');

--
-- Индексы сохранённых таблиц
--

--
-- Индексы таблицы `clients`
--
ALTER TABLE `clients`
  ADD PRIMARY KEY (`ID`);

--
-- Индексы таблицы `payment`
--
ALTER TABLE `payment`
  ADD PRIMARY KEY (`ID`),
  ADD KEY `ACNT_ID` (`ACNT_ID`),
  ADD KEY `PAY_ID` (`PAY_ID`),
  ADD KEY `client_ibfk_1` (`CLIENT_ID`);

--
-- Индексы таблицы `services`
--
ALTER TABLE `services`
  ADD PRIMARY KEY (`ID`);

--
-- Индексы таблицы `typepay`
--
ALTER TABLE `typepay`
  ADD PRIMARY KEY (`ID`);

--
-- AUTO_INCREMENT для сохранённых таблиц
--

--
-- AUTO_INCREMENT для таблицы `clients`
--
ALTER TABLE `clients`
  MODIFY `ID` int(11) UNSIGNED NOT NULL AUTO_INCREMENT, AUTO_INCREMENT=107;

--
-- AUTO_INCREMENT для таблицы `payment`
--
ALTER TABLE `payment`
  MODIFY `ID` int(11) UNSIGNED NOT NULL AUTO_INCREMENT, AUTO_INCREMENT=1084;

--
-- AUTO_INCREMENT для таблицы `services`
--
ALTER TABLE `services`
  MODIFY `ID` int(11) UNSIGNED NOT NULL AUTO_INCREMENT, AUTO_INCREMENT=7;

--
-- AUTO_INCREMENT для таблицы `typepay`
--
ALTER TABLE `typepay`
  MODIFY `ID` int(11) UNSIGNED NOT NULL AUTO_INCREMENT, AUTO_INCREMENT=5;
COMMIT;

/*!40101 SET CHARACTER_SET_CLIENT=@OLD_CHARACTER_SET_CLIENT */;
/*!40101 SET CHARACTER_SET_RESULTS=@OLD_CHARACTER_SET_RESULTS */;
/*!40101 SET COLLATION_CONNECTION=@OLD_COLLATION_CONNECTION */;
